,January,February,March,April,May,June,July,August,September,October,November,December
0,01-1-2022,02-1-2022,03-1-2022,04-2-2022,05-1-2022,06-2-2022,07-2-2022,08-2-2022,09-1-2022,10-1-2022,11-1-2022,12-1-2022
1,01-2-2022,02-3-2022,03-3-2022,04-3-2022,05-3-2022,06-4-2022,07-3-2022,08-4-2022,09-3-2022,10-2-2022,11-3-2022,12-3-2022
2,01-4-2022,02-5-2022,03-5-2022,04-5-2022,05-5-2022,06-5-2022,07-5-2022,08-6-2022,09-4-2022,10-4-2022,11-5-2022,12-4-2022
3,01-6-2022,02-6-2022,03-6-2022,04-7-2022,05-7-2022,06-7-2022,07-7-2022,08-7-2022,09-6-2022,10-6-2022,11-6-2022,12-6-2022
4,01-8-2022,02-8-2022,03-8-2022,04-9-2022,05-8-2022,06-9-2022,07-9-2022,08-9-2022,09-8-2022,10-8-2022,11-8-2022,12-8-2022
5,01-9-2022,02-10-2022,03-10-2022,04-10-2022,05-10-2022,06-11-2022,07-10-2022,08-11-2022,09-10-2022,10-9-2022,11-10-2022,12-10-2022
6,01-11-2022,02-12-2022,03-12-2022,04-12-2022,05-12-2022,06-12-2022,07-12-2022,08-13-2022,09-11-2022,10-11-2022,11-12-2022,12-11-2022
7,01-13-2022,02-13-2022,03-13-2022,04-14-2022,05-14-2022,06-14-2022,07-14-2022,08-14-2022,09-13-2022,10-13-2022,11-13-2022,12-13-2022
8,01-15-2022,02-15-2022,03-15-2022,04-16-2022,05-15-2022,06-16-2022,07-16-2022,08-16-2022,09-15-2022,10-15-2022,11-15-2022,12-15-2022
9,01-16-2022,02-17-2022,03-17-2022,04-17-2022,05-17-2022,06-18-2022,07-17-2022,08-18-2022,09-17-2022,10-16-2022,11-17-2022,12-17-2022
10,01-18-2022,02-19-2022,03-19-2022,04-19-2022,05-19-2022,06-19-2022,07-19-2022,08-20-2022,09-18-2022,10-18-2022,11-19-2022,12-18-2022
11,01-20-2022,02-20-2022,03-20-2022,04-21-2022,05-21-2022,06-21-2022,07-21-2022,08-21-2022,09-20-2022,10-20-2022,11-20-2022,12-20-2022
12,01-22-2022,02-22-2022,03-22-2022,04-23-2022,05-22-2022,06-23-2022,07-23-2022,08-23-2022,09-22-2022,10-22-2022,11-22-2022,12-22-2022
13,01-23-2022,02-24-2022,03-24-2022,04-24-2022,05-24-2022,06-25-2022,07-24-2022,08-25-2022,09-24-2022,10-23-2022,11-24-2022,12-24-2022
14,01-25-2022,02-26-2022,03-26-2022,04-26-2022,05-26-2022,06-26-2022,07-26-2022,08-27-2022,09-25-2022,10-25-2022,11-26-2022,12-25-2022
15,01-27-2022,02-27-2022,03-27-2022,04-28-2022,05-28-2022,06-28-2022,07-28-2022,08-28-2022,09-27-2022,10-27-2022,11-27-2022,12-27-2022
16,01-29-2022,,03-29-2022,04-30-2022,05-29-2022,06-30-2022,07-30-2022,08-30-2022,09-29-2022,10-29-2022,11-29-2022,12-29-2022
17,01-30-2022,,03-31-2022,,05-31-2022,,07-31-2022,,,10-30-2022,,12-31-2022
